Wavelength, W/m2 
0.008375766,1.203985647
0.001354611,0.224103472
0.000697925,0.117624406
0.000472057,0.141012311
0.000356441,0.091008027
0.000285342,0.077276669
0.000236285,0.052273873
0.000199974,0.081431842
0.000174218,0.068244039
0.000154714,0.060122586
0.00013821,0.063562613
0.000128014,0.05966795
0.000125483,0.044485362
0.000124426,0.058380801
0.000123191,0.05321871
0.000122185,0.051648634
0.000121298,0.065936431
0.000120689,0.051390024
0.000120037,0.05594994
0.000118163,0.065331562
0.000116194,0.053437243
0.000115088,0.056495636
0.000114026,0.066931597
0.00011357,0.058215465
0.000112502,0.056273044
0.00011153,0.064428773
0.000110809,0.062982783
0.000110051,0.059139593
0.000108761,0.048333449
0.000107102,0.052244013
0.000106422,0.049272977
0.000106354,0.049572112
0.000105584,0.056085246
0.000105158,0.052273844
0.000103754,0.047395006
0.000103347,0.051053497
0.00010284,0.052715355
0.000101411,0.052296884
0.000100494,0.037495019
9.97988E-05,0.051465587
9.93401E-05,0.049997211
9.88505E-05,0.053120757
9.72388E-05,0.043816513
9.65386E-05,0.047989293
9.54852E-05,0.049536814
9.50083E-05,0.043988376
9.40002E-05,0.046436332
9.30336E-05,0.048264932
9.22343E-05,0.041847125
9.13082E-05,0.046521473
8.98144E-05,0.037129839
8.91901E-05,0.039359952
8.81677E-05,0.043828104
8.76823E-05,0.043858366
8.69468E-05,0.038369999
8.61152E-05,0.042006656
8.52512E-05,0.046869853
8.44781E-05,0.041994027
8.34502E-05,0.040706649
8.27468E-05,0.038311362
8.22316E-05,0.026348873
8.21074E-05,0.035470477
8.16369E-05,0.039569317
8.09138E-05,0.038466074
8.05728E-05,0.044797772
8.02662E-05,0.042388073
7.98966E-05,0.042192925
7.96535E-05,0.041570177
7.93639E-05,0.03723767
7.905E-05,0.038315437
7.89774E-05,0.040972721
7.83629E-05,0.036767984
7.81625E-05,0.033524193
7.73697E-05,0.029826711
7.72038E-05,0.035505906
7.6374E-05,0.036071335
7.52551E-05,0.037409259
7.39778E-05,0.037920743
7.32115E-05,0.039116014
7.22837E-05,0.028314616
7.1593E-05,0.033813281
7.05203E-05,0.02893517
6.97113E-05,0.02925089
6.88503E-05,0.038066925
6.8144E-05,0.039154545
6.7369E-05,0.036412559
6.68686E-05,0.032411123
6.64135E-05,0.035072561
6.64446E-05,0.028704096
6.57663E-05,0.04145779
6.50752E-05,0.034164289
6.44424E-05,0.031634334
6.40424E-05,0.030048789
6.35614E-05,0.033171902
6.28123E-05,0.026161555
6.24237E-05,0.029289313
6.18905E-05,0.029806572
6.13746E-05,0.028606991
6.08346E-05,0.031748804
6.01728E-05,0.028605894
5.96765E-05,0.030405162
5.91753E-05,0.031250135
5.84312E-05,0.029951611
5.76839E-05,0.029389902
5.68266E-05,0.024197134
5.6237E-05,0.029001039
5.5389E-05,0.027018509
5.44803E-05,0.028601963
5.36506E-05,0.030993036
5.31152E-05,0.02689699
5.23309E-05,0.02941968
5.1753E-05,0.030057068
5.10385E-05,0.029642124
5.04232E-05,0.030222987
4.99778E-05,0.026082794
4.94479E-05,0.033316824
4.8781E-05,0.027272864
4.79972E-05,0.023859372
4.74094E-05,0.026359198
4.68848E-05,0.027375517
4.62822E-05,0.027453669
4.58806E-05,0.024798191
4.5338E-05,0.027315376
4.4907E-05,0.028725756
4.47465E-05,0.024462368
4.44267E-05,0.023736651
4.42178E-05,0.025680789
4.41508E-05,0.022905026
4.41945E-05,0.02594158
4.41185E-05,0.025760321
4.38853E-05,0.025079938
4.35142E-05,0.021360812
4.294E-05,0.021345429
4.23505E-05,0.025909442
4.19036E-05,0.021349884
4.14719E-05,0.021129905
4.08784E-05,0.023234941
4.062E-05,0.024472863
4.02984E-05,0.022155442
4.00574E-05,0.020409216
3.98706E-05,0.021549814
3.98816E-05,0.021802797
3.96558E-05,0.020081331
3.94314E-05,0.020701344
3.92454E-05,0.020725247
3.89123E-05,0.021875898
3.8655E-05,0.020413479
3.84426E-05,0.023160994
3.81635E-05,0.022874675
3.78519E-05,0.021514699
3.75362E-05,0.018310014
3.72983E-05,0.022124582
3.70024E-05,0.02791309
3.67371E-05,0.029079647
3.65058E-05,0.023578274
3.62092E-05,0.020356258
3.59798E-05,0.020338754
3.57089E-05,0.018636051
3.54144E-05,0.02572722
3.52236E-05,0.019038162
3.49388E-05,0.022241139
3.47184E-05,0.022316308
3.444E-05,0.021389891
3.41603E-05,0.020475229
3.39154E-05,0.021379646
3.36914E-05,0.020402832
3.34244E-05,0.019723145
3.32025E-05,0.024120367
3.30243E-05,0.024093538
3.28838E-05,0.022869612
3.26585E-05,0.020283475
3.25459E-05,0.020314323
3.24196E-05,0.02083868
3.22292E-05,0.021415424
3.15408E-05,0.021153768
3.14373E-05,0.021279036
3.13423E-05,0.020923191
3.12541E-05,0.023092451
3.11904E-05,0.020241808
3.10523E-05,0.038535692
3.09742E-05,0.020293326
3.09466E-05,0.022289802
3.08458E-05,0.022312775
3.07232E-05,0.022224067
3.07217E-05,0.020794677
3.11878E-05,0.021690115
3.11578E-05,0.02089688
3.10847E-05,0.023834469
3.09932E-05,0.024917267
3.09451E-05,0.024302822
3.08976E-05,0.024552983
3.0729E-05,0.027276311
3.06249E-05,0.026045029
3.0527E-05,0.024826082
3.04242E-05,0.027099963
3.03135E-05,0.026907473
3.0206E-05,0.030089227
3.00799E-05,0.026980025
2.9981E-05,0.028378005
2.9908E-05,0.029885026
2.97496E-05,0.029081048
2.96054E-05,0.032610843
2.952E-05,0.031601898
2.93728E-05,0.033993489
2.92638E-05,0.03495572
2.91808E-05,0.035308706
2.90373E-05,0.034055306
2.88919E-05,0.034153148
2.87347E-05,0.033967328
2.85712E-05,0.039796268
2.84031E-05,0.04079467
2.82441E-05,0.044593256
2.80917E-05,0.046965039
2.79466E-05,0.048974437
2.77885E-05,0.04852518
2.76435E-05,0.048528861
2.74959E-05,0.052275386
2.73143E-05,0.056248005
2.71464E-05,0.058847075
2.70225E-05,0.058830095
2.68984E-05,0.065980096
2.67607E-05,0.070950748
2.66368E-05,0.074502752
2.65212E-05,0.072535403
2.6377E-05,0.074839224
2.62735E-05,0.079024435
2.60637E-05,0.084533033
2.59338E-05,0.087407754
2.58159E-05,0.091171298
2.57343E-05,0.104363419
2.55929E-05,0.104027978
2.5445E-05,0.110051984
2.52987E-05,0.113732028
2.51695E-05,0.127974091
2.50355E-05,0.129930696
2.49554E-05,0.150864377
2.48699E-05,0.160831392
2.48125E-05,0.170842109
2.47293E-05,0.162527658
2.46412E-05,0.166455058
2.45683E-05,0.169770135
2.45051E-05,0.182246362
2.44622E-05,0.194968842
2.44377E-05,0.200302779
2.44398E-05,0.215167913
2.43945E-05,0.222103145
2.43398E-05,0.234807706
2.42778E-05,0.242036044
2.4244E-05,0.262439017
2.41931E-05,0.269986826
2.4174E-05,0.289930205
2.41075E-05,0.300564333
2.40693E-05,0.321127133
2.40314E-05,0.337605229
2.40346E-05,0.339885352
2.39666E-05,0.364848509
2.39381E-05,0.391867836
2.39043E-05,0.398058456
2.38941E-05,0.415218016
2.38979E-05,0.442322241
2.38721E-05,0.463967627
2.38508E-05,0.482109188
2.38479E-05,0.50267522
2.38232E-05,0.536046967
2.38227E-05,0.557672322
2.37564E-05,0.580638675
2.37456E-05,0.617323665
2.37225E-05,0.634002739
2.36829E-05,0.680071694
2.36266E-05,0.69427312
2.35724E-05,0.731331058
2.3538E-05,0.752077912
2.34938E-05,0.80258684
2.34271E-05,0.844529825
2.33446E-05,0.876146815
2.32725E-05,0.920541877
2.32192E-05,0.956363693
2.31283E-05,0.979213763
2.30769E-05,1.036695545
2.29967E-05,1.072507805
2.29441E-05,1.135982243
2.28613E-05,1.179570536
2.27275E-05,1.208453571
2.26421E-05,1.247777578
2.25943E-05,1.308735032
2.25389E-05,1.327460724
2.24333E-05,1.36741319
2.2367E-05,1.425490541
2.23163E-05,1.462586607
2.22246E-05,1.476553714
2.21766E-05,1.50958899
2.2104E-05,1.528625266
2.20365E-05,1.528600229
2.20017E-05,1.569086287
2.19202E-05,1.581275691
2.18369E-05,1.579733584
2.17469E-05,1.575445818
2.17027E-05,1.5843568
2.16326E-05,1.596266969
2.15623E-05,1.607452867
2.14819E-05,1.588475493
2.14253E-05,1.596642717
2.13407E-05,1.594307965
2.1271E-05,1.576772394
2.11978E-05,1.559583882
2.11705E-05,1.575030577
2.11305E-05,1.548936424
2.10839E-05,1.524479148
2.10301E-05,1.507745868
2.09533E-05,1.49808412
2.09019E-05,1.454691996
2.08551E-05,1.438117527
2.07877E-05,1.423226472
2.07625E-05,1.390290991
2.07274E-05,1.346432337
2.06929E-05,1.332133717
2.06174E-05,1.286951614
2.05208E-05,1.237540185
2.04646E-05,1.215120995
2.03892E-05,1.144983052
2.03543E-05,1.121320479
2.02691E-05,1.087349718
2.01939E-05,1.029798363
2.01202E-05,0.999849537
2.0022E-05,0.982616545
1.99161E-05,0.930874493
1.97959E-05,0.894515895
1.96952E-05,0.878854985
1.96117E-05,0.845097681
1.94959E-05,0.808022496
1.93883E-05,0.777900648
1.92813E-05,0.7604017
1.91819E-05,0.74167776
1.90803E-05,0.720893052
1.89714E-05,0.694961315
1.8867E-05,0.678740148
1.87463E-05,0.66254387
1.86519E-05,0.645736713
1.85414E-05,0.626968444
1.84225E-05,0.611300085
1.82939E-05,0.59637222
1.8172E-05,0.573584236
1.80303E-05,0.556259809
1.78812E-05,0.538026151
1.77498E-05,0.52779775
1.76079E-05,0.499128279
1.74723E-05,0.497071432
1.73401E-05,0.483045617
1.7177E-05,0.459921886
1.70498E-05,0.453290919
1.69192E-05,0.432617722
1.67866E-05,0.416532025
1.66383E-05,0.405994169
1.6528E-05,0.394951357
1.63975E-05,0.373535047
1.62689E-05,0.366167294
1.61284E-05,0.348608229
1.59797E-05,0.333456847
1.58746E-05,0.322358528
1.57532E-05,0.30934558
1.56398E-05,0.298393214
1.5494E-05,0.287928473
1.5362E-05,0.275617993
1.5239E-05,0.266326861
1.51E-05,0.253693493
1.49661E-05,0.245599792
1.48279E-05,0.234139061
1.47114E-05,0.221994649
1.46135E-05,0.21512736
1.44771E-05,0.205086604
1.43832E-05,0.200947677
1.425E-05,0.193256201
1.41422E-05,0.186841245
1.40316E-05,0.178985964
1.39268E-05,0.171519847
1.38175E-05,0.162935606
1.37182E-05,0.159724167
1.36348E-05,0.152371743
1.35464E-05,0.151173991
1.34489E-05,0.145290982
1.33594E-05,0.140887962
1.32696E-05,0.133523754
1.31825E-05,0.129910581
1.3117E-05,0.124100738
1.30557E-05,0.122348068
1.29798E-05,0.120268564
1.29118E-05,0.112514432
1.28612E-05,0.111395911
1.27955E-05,0.108844382
1.27224E-05,0.102228571
1.26538E-05,0.098970564
1.26042E-05,0.097840668
1.25507E-05,0.092873246
1.25132E-05,0.090540086
1.24506E-05,0.088003922
1.24009E-05,0.085345802
1.23594E-05,0.079927086
1.23187E-05,0.077831233
1.22698E-05,0.075582141
1.22379E-05,0.073451379
1.22041E-05,0.071130101
1.21793E-05,0.070268645
1.21423E-05,0.068173116
1.21042E-05,0.064920109
1.20605E-05,0.060498822
1.20356E-05,0.060374257
1.20027E-05,0.056600496
1.19722E-05,0.056939007
1.19447E-05,0.054771908
1.19244E-05,0.050613252
1.1896E-05,0.049459937
1.18786E-05,0.048136089
1.18493E-05,0.046915295
1.18302E-05,0.044896403
1.18108E-05,0.042150267
1.17977E-05,0.042176816
1.17761E-05,0.041624882
1.17556E-05,0.038163534
1.1743E-05,0.038596053
1.17327E-05,0.037907467
1.17136E-05,0.034541824
1.17005E-05,0.03461208
1.16826E-05,0.034269293
1.16766E-05,0.033093496
1.16623E-05,0.032510895
1.16478E-05,0.030268141
1.16364E-05,0.028543297
1.16217E-05,0.028867447
1.16116E-05,0.027186737
1.15982E-05,0.027335256
1.15778E-05,0.026461609
1.1565E-05,0.027113465
1.15427E-05,0.025451328
1.15338E-05,0.026325471
1.15133E-05,0.024422888
1.14936E-05,0.024844231
1.1477E-05,0.023492203
1.14591E-05,0.022034756
1.14546E-05,0.022026153
1.14406E-05,0.022140918
1.14266E-05,0.020732667
1.1409E-05,0.019745808
1.13912E-05,0.019644502
1.1384E-05,0.020126139
1.13667E-05,0.018756674
1.13549E-05,0.017927739
1.13408E-05,0.018467857
1.13264E-05,0.018971099
1.1312E-05,0.018280763
1.12956E-05,0.018149233
1.12799E-05,0.017110087
1.12673E-05,0.016741673
1.12574E-05,0.016622221
1.12493E-05,0.016017599
1.12325E-05,0.014740235
1.12138E-05,0.015480491
1.11976E-05,0.014173896
1.1183E-05,0.016027083
1.1162E-05,0.014959185
1.11486E-05,0.014941197
1.11345E-05,0.014404583
1.11115E-05,0.015304826
1.10924E-05,0.014487635
1.10794E-05,0.013680833
1.10612E-05,0.014275542
1.10463E-05,0.013400249
1.10372E-05,0.012944579
1.10215E-05,0.013165232
1.10068E-05,0.012397002
1.10028E-05,0.012835952
1.0982E-05,0.012267028
1.09673E-05,0.013168481
1.09596E-05,0.012547825
1.09494E-05,0.01189133
1.0933E-05,0.012957829
1.09162E-05,0.012261149
1.08928E-05,0.01257246
1.08708E-05,0.012311277
1.0853E-05,0.011012836
1.0838E-05,0.010930372
1.08182E-05,0.011446943
1.08085E-05,0.012073226
1.07886E-05,0.010813749
1.07766E-05,0.011369594
1.07548E-05,0.010313142
1.0743E-05,0.011300793
1.07325E-05,0.011323095
1.07267E-05,0.010851439
1.07151E-05,0.010241895
1.0702E-05,0.010793183
1.06927E-05,0.010883323
1.06838E-05,0.009615875
1.06677E-05,0.009303745
1.06634E-05,0.010324651
1.06519E-05,0.011271031
1.06415E-05,0.01089726
1.06321E-05,0.010195427
1.06183E-05,0.010248101
1.06119E-05,0.010208935
1.06084E-05,0.009580842
1.06047E-05,0.010037667
1.05975E-05,0.00976818
1.05916E-05,0.009598626
1.05888E-05,0.009694495
1.05854E-05,0.009264811
1.0582E-05,0.008966744
1.05786E-05,0.01014413
1.05726E-05,0.010105632
1.05752E-05,0.008928057
1.05729E-05,0.009810984
1.0574E-05,0.009680897
1.05688E-05,0.008824449
1.05656E-05,0.009771525
1.05658E-05,0.009902737
1.05661E-05,0.008920368
1.05675E-05,0.008659598
1.05641E-05,0.009147952
1.05616E-05,0.010455237
1.05679E-05,0.009347799
1.05652E-05,0.009116176
1.05658E-05,0.010623074
1.05622E-05,0.010423078
1.05591E-05,0.011467454
1.05681E-05,0.012951214
1.05671E-05,0.012949989
1.05694E-05,0.015278829
1.05646E-05,0.01753144
1.05671E-05,0.017994004
1.05638E-05,0.01841408
1.05587E-05,0.016310672
1.05672E-05,0.015766919
1.05647E-05,0.016188904
1.05692E-05,0.015573352
1.05732E-05,0.014465013
1.05767E-05,0.015256555
1.05752E-05,0.014467763
1.05747E-05,0.015253689
1.05812E-05,0.018706738
1.0579E-05,0.024965771
1.05831E-05,0.026615847
1.05861E-05,0.024851333
1.05798E-05,0.01972095
1.05839E-05,0.016119823
1.05812E-05,0.015066315
1.05776E-05,0.01378238
1.0568E-05,0.012164896
1.05684E-05,0.012492884
1.0572E-05,0.011940196
1.05707E-05,0.01023495
1.05668E-05,0.011344721
1.05652E-05,0.011146527
1.05658E-05,0.010655888
1.05587E-05,0.010223357
1.05516E-05,0.009169843
1.05499E-05,0.008285422
1.0548E-05,0.008382028
1.0547E-05,0.009133206
1.05419E-05,0.009488171
1.0537E-05,0.009026497
1.0534E-05,0.008599426
1.05347E-05,0.009155149
1.05374E-05,0.008177701
1.05333E-05,0.008337703
1.0538E-05,0.008374131
1.05378E-05,0.007459329
1.05318E-05,0.007650945
1.05321E-05,0.009054896
1.0526E-05,0.00745102
1.05248E-05,0.008037432
1.05258E-05,0.00771188
1.05219E-05,0.007024128
1.05197E-05,0.007544446
1.05157E-05,0.006922231
1.0509E-05,0.006689767
1.0502E-05,0.006587747
1.04985E-05,0.006650565
1.04965E-05,0.006779449
1.0493E-05,0.00716741
1.04913E-05,0.007003653
1.04889E-05,0.008432646
1.04812E-05,0.006769583
1.04793E-05,0.00754792
1.04778E-05,0.00709212
1.04802E-05,0.007613461
1.04833E-05,0.007160792
1.04832E-05,0.008070559
1.04851E-05,0.006317127
1.04842E-05,0.007843892
1.04811E-05,0.007061928
1.04774E-05,0.008455869
1.04789E-05,0.007157815
1.04776E-05,0.00705956
1.04749E-05,0.006862855
1.04694E-05,0.008352006
1.04616E-05,0.007145987
1.04552E-05,0.006817538
1.04545E-05,0.007562424
1.04485E-05,0.007137049
1.04436E-05,0.00651861
1.04423E-05,0.007715398
1.04421E-05,0.007359259
1.04353E-05,0.007742575
1.04269E-05,0.006605241
1.04223E-05,0.007345294
1.04162E-05,0.006501526
1.04183E-05,0.007956068
1.04164E-05,0.006469395
1.0412E-05,0.007047631
1.04061E-05,0.007108054
1.03961E-05,0.007906901
1.03938E-05,0.007131955
1.03911E-05,0.007935298
1.039E-05,0.007000499
1.03936E-05,0.007099511
1.03932E-05,0.005649676
1.03897E-05,0.00687149
1.03859E-05,0.006353984
1.03905E-05,0.0073873
1.03924E-05,0.007227549
1.03977E-05,0.006715655
1.04075E-05,0.006689764
1.04122E-05,0.007854565
1.04183E-05,0.008246711
1.04189E-05,0.007439732
1.04307E-05,0.008612164
1.04291E-05,0.008934052
1.04424E-05,0.008880791
1.04527E-05,0.007852717
1.04595E-05,0.008279293
1.04649E-05,0.006726633
1.04703E-05,0.007346746
1.04815E-05,0.008491657
1.0486E-05,0.008820313
1.04927E-05,0.007492397
1.05063E-05,0.008479188
1.05085E-05,0.008122577
1.05287E-05,0.008790961
1.05383E-05,0.009288929
1.05505E-05,0.007370167
1.05583E-05,0.008717474
1.05761E-05,0.008043792
1.05948E-05,0.008320639
1.06014E-05,0.008753022
1.06234E-05,0.008935828
1.06405E-05,0.008554506
1.06588E-05,0.009296006
1.0677E-05,0.008517584
1.06891E-05,0.009388801
1.0713E-05,0.009177251
1.07243E-05,0.009186899
1.07476E-05,0.008240835
1.07614E-05,0.008318041
1.07813E-05,0.008300062
1.08012E-05,0.007846665
1.08232E-05,0.009674244
1.0848E-05,0.009292875
1.08678E-05,0.009208896
1.08927E-05,0.008318341
1.09181E-05,0.00877773
1.09388E-05,0.007878832
1.09665E-05,0.00789878
1.09888E-05,0.009379445
1.10141E-05,0.008923118
1.10382E-05,0.008360978
1.10642E-05,0.007969199
1.10852E-05,0.008327885
1.11109E-05,0.008071608
1.11362E-05,0.00909104
1.11534E-05,0.008932201
1.11749E-05,0.008464508
1.11984E-05,0.007822817
1.12256E-05,0.008816099
1.12479E-05,0.008240953
1.12694E-05,0.009129939
1.12903E-05,0.008412041
1.13189E-05,0.008047362
1.1341E-05,0.007781933
1.13606E-05,0.007900914
1.13823E-05,0.008021906
1.1409E-05,0.007298009
1.14368E-05,0.007493057
1.14567E-05,0.007719236
1.14733E-05,0.008619471
1.14906E-05,0.007706488
1.15129E-05,0.007043431
1.15381E-05,0.00759528
1.15477E-05,0.008281659
1.15635E-05,0.008006213
1.15845E-05,0.008846655
1.16007E-05,0.00803201
1.16159E-05,0.008654671
1.16304E-05,0.007872291
1.16402E-05,0.00730171
1.16567E-05,0.007781625
1.16714E-05,0.007827732
1.16817E-05,0.008269073
1.16909E-05,0.006717403
1.17126E-05,0.00745596
1.17328E-05,0.007141514
1.174E-05,0.009329259
1.17457E-05,0.006930909
1.17527E-05,0.009011504
1.17647E-05,0.0084373
1.17807E-05,0.007827936
1.17863E-05,0.007904812
1.1803E-05,0.008611155
1.18107E-05,0.007921169
1.18144E-05,0.006971458
1.18156E-05,0.008327258
1.18144E-05,0.008143368
1.18218E-05,0.007562079
1.18356E-05,0.007204058
1.18445E-05,0.008641431
1.18419E-05,0.007207892
1.18441E-05,0.008273891
1.18505E-05,0.008204941
1.18465E-05,0.008752897
1.18537E-05,0.008170444
1.18608E-05,0.009351774
1.18675E-05,0.009320192
1.18797E-05,0.011944187
1.18828E-05,0.01493064
1.1881E-05,0.020305045
1.18781E-05,0.02354008
1.18878E-05,0.023853878
1.1887E-05,0.023152353
1.18857E-05,0.018839425
1.18863E-05,0.01784562
1.18954E-05,0.016458276
1.18959E-05,0.014689023
1.19005E-05,0.013440656
1.19016E-05,0.013663099
1.19121E-05,0.011976726
1.19193E-05,0.011356009
1.19306E-05,0.011292725
1.1934E-05,0.010889042
1.19467E-05,0.008938083
1.19495E-05,0.009940171
1.19681E-05,0.008991152
1.19683E-05,0.008138057
1.19774E-05,0.00792159
1.19826E-05,0.007999213
1.19912E-05,0.008711141
1.19993E-05,0.008307974
1.20081E-05,0.008425778
1.2013E-05,0.007870552
1.20241E-05,0.007840611
1.20384E-05,0.0074395
1.20533E-05,0.008083872
1.20634E-05,0.007454937
1.20718E-05,0.007572447
1.20767E-05,0.008436379
1.2092E-05,0.008859443
1.21082E-05,0.007369956
1.21207E-05,0.007452822
1.21317E-05,0.009151647
1.21487E-05,0.009164509
1.21528E-05,0.007773833
1.21625E-05,0.008534085
1.21739E-05,0.007598635
1.21808E-05,0.008924501
1.21996E-05,0.00810631
1.22192E-05,0.007929987
1.22294E-05,0.008391549
1.22408E-05,0.010068733
1.22528E-05,0.007989686
1.22734E-05,0.008269537
1.22861E-05,0.009039691
1.23152E-05,0.008450375
1.23341E-05,0.008463395
1.23545E-05,0.00886025
1.23808E-05,0.008648753
1.24079E-05,0.00836011
1.24237E-05,0.008986846
1.24483E-05,0.007692801
1.2476E-05,0.00890864
1.25012E-05,0.00788054
1.25308E-05,0.008209769
1.25529E-05,0.00962507
1.25759E-05,0.009369914
1.25973E-05,0.00942486
1.26246E-05,0.01026698
1.26456E-05,0.008559449
1.26718E-05,0.008969968
1.27033E-05,0.008677207
1.27329E-05,0.007316148
1.27597E-05,0.008201717
1.27773E-05,0.007420816
1.27971E-05,0.007630621
1.28312E-05,0.006696461
1.28623E-05,0.008267653
1.28938E-05,0.008487723
1.29221E-05,0.007625121
1.29501E-05,0.007882427
1.29704E-05,0.008698991
1.30095E-05,0.00751538
1.30404E-05,0.007048269
1.30711E-05,0.007591441
1.31155E-05,0.007251513
1.31446E-05,0.007511981
1.31788E-05,0.007899188
1.32184E-05,0.007349309
1.32525E-05,0.006998574
1.32885E-05,0.00714106
1.33291E-05,0.007865297
1.33685E-05,0.0070184
1.34002E-05,0.007076584
1.34364E-05,0.00747054
1.34663E-05,0.008488927
1.3491E-05,0.007668187
1.35238E-05,0.007267482
1.35608E-05,0.007203373
1.35894E-05,0.006923794
1.36272E-05,0.007111844
1.36663E-05,0.008403202
1.36948E-05,0.00710474
1.37314E-05,0.007677093
1.37667E-05,0.006331285
1.37954E-05,0.007456308
1.3841E-05,0.007008939
1.38828E-05,0.008794425
1.39171E-05,0.007004372
1.39589E-05,0.007717801
1.39959E-05,0.007174253
1.40266E-05,0.007407377
1.40585E-05,0.008731441
1.41035E-05,0.007928764
1.41359E-05,0.008034733
1.41636E-05,0.008577191
1.42043E-05,0.008337706
1.42407E-05,0.008050037
1.42745E-05,0.007494067
1.4305E-05,0.008618536
1.43346E-05,0.008192073
1.43645E-05,0.007096076
1.44038E-05,0.008097623
1.44334E-05,0.008293209
1.44642E-05,0.008221328
1.45052E-05,0.00864909
1.45405E-05,0.009301118
1.45742E-05,0.008193401
1.46039E-05,0.006671077
1.46415E-05,0.007822748
1.46863E-05,0.008939233
1.47139E-05,0.008271938
1.47573E-05,0.007930365
1.4779E-05,0.009178933
1.48168E-05,0.007824654
1.48561E-05,0.008490084
1.48881E-05,0.007262353
1.49201E-05,0.008850306
1.49541E-05,0.00891678
1.49918E-05,0.008056391
1.50256E-05,0.007375965
1.50554E-05,0.009677332
1.51015E-05,0.00891115
1.51291E-05,0.007239163
1.51692E-05,0.007493617
1.52069E-05,0.007983601
1.52361E-05,0.00700705
1.52621E-05,0.008390868
1.52963E-05,0.008694301
1.5321E-05,0.00733099
1.53428E-05,0.009862043
1.53644E-05,0.008494894
1.53958E-05,0.008464394
1.54181E-05,0.007186446
1.5444E-05,0.008682397
1.54711E-05,0.00941693
1.54938E-05,0.007077604
1.55237E-05,0.009882016
1.55556E-05,0.008938041
1.55885E-05,0.007797286
1.56237E-05,0.008541301
1.56502E-05,0.007003433
1.56852E-05,0.008040177
1.57108E-05,0.006007987
1.57443E-05,0.007777713
1.57688E-05,0.007252025
1.57931E-05,0.006871725
1.58205E-05,0.007815372
1.58461E-05,0.008761216
1.58782E-05,0.009960117
1.58879E-05,0.007799261
1.59243E-05,0.007817119
1.59669E-05,0.008432002
1.59824E-05,0.00759794
1.60091E-05,0.006915924
1.60375E-05,0.007027752
1.60695E-05,0.008336692
1.60976E-05,0.007652729
1.61225E-05,0.007464653
1.61554E-05,0.008030832
1.61818E-05,0.009097195
1.62278E-05,0.00877102
1.62481E-05,0.007321525
1.62618E-05,0.009948767
1.62994E-05,0.008910691
1.6331E-05,0.008067576
1.63507E-05,0.008888103
1.63785E-05,0.008801539
1.64063E-05,0.007697879
1.64406E-05,0.009191769
1.64742E-05,0.00788279
1.64989E-05,0.00789459
1.65214E-05,0.00723978
1.6556E-05,0.008435295
1.65906E-05,0.007218752
1.66163E-05,0.008620368
1.66403E-05,0.008529783
1.66744E-05,0.009477617
1.67029E-05,0.009648948
1.67266E-05,0.009455268
1.67542E-05,0.007705209
1.67799E-05,0.009121412
1.68075E-05,0.009188464
1.68406E-05,0.009572077
1.68556E-05,0.00822208
1.68844E-05,0.009439851
1.69166E-05,0.007884919
1.69418E-05,0.008316586
1.69706E-05,0.008751636
1.70041E-05,0.0074513
1.70424E-05,0.008049099
1.70719E-05,0.009491854
1.71121E-05,0.008453425
1.71459E-05,0.008788927
1.71741E-05,0.008377454
1.72104E-05,0.008661894
1.72472E-05,0.008894258
1.72989E-05,0.009349934
1.73386E-05,0.009962518
1.73832E-05,0.008156246
1.74227E-05,0.009146844
1.74713E-05,0.007330976
1.75156E-05,0.008001149
1.75546E-05,0.008780725
1.75966E-05,0.009510876
1.76354E-05,0.010460976
1.76857E-05,0.009120409
1.77308E-05,0.009693201
1.77626E-05,0.008664546
1.78127E-05,0.00968282
1.78511E-05,0.010754985
1.78931E-05,0.009282788
1.79214E-05,0.010352867
1.79599E-05,0.009651358
1.79889E-05,0.009945955
1.80314E-05,0.008348439
1.80748E-05,0.009096918
1.81215E-05,0.007940961
1.81739E-05,0.009428458
1.82227E-05,0.01013169
1.82702E-05,0.010837511
1.83213E-05,0.008482667
1.83753E-05,0.009760767
1.84364E-05,0.008364686
1.8494E-05,0.009422663
1.85498E-05,0.009451091
1.86058E-05,0.009306549
1.86738E-05,0.008588066
1.87181E-05,0.009246777
1.87651E-05,0.00944433
1.88173E-05,0.011103794
1.88631E-05,0.009435236
1.89252E-05,0.011636799
1.8975E-05,0.008609026
1.90281E-05,0.008574221
1.90911E-05,0.010377772
1.91424E-05,0.007913585
1.92003E-05,0.009960941
1.92514E-05,0.010464916
1.93142E-05,0.009301772
1.93848E-05,0.008314226
1.94456E-05,0.009967746
1.95156E-05,0.009338066
1.95819E-05,0.009127199
1.96473E-05,0.009279375
1.97212E-05,0.010597878
1.97851E-05,0.009651112
1.98575E-05,0.009809652
1.99295E-05,0.008609575
2.00041E-05,0.009944007
2.00655E-05,0.009912387
2.01266E-05,0.009443444
2.02004E-05,0.010918222
2.02585E-05,0.009442599
2.03108E-05,0.010348325
2.03879E-05,0.009882004
2.04369E-05,0.009905723
2.04969E-05,0.011268894
2.05665E-05,0.010669721
2.06252E-05,0.011914793
2.06882E-05,0.012079631
2.07582E-05,0.010447447
2.08187E-05,0.011445804
2.08734E-05,0.010505456
2.09424E-05,0.010994709
2.10214E-05,0.010970789
2.1072E-05,0.010540125
2.11413E-05,0.011230048
2.12173E-05,0.012585686
2.12949E-05,0.010255647
2.13713E-05,0.011551077
2.14501E-05,0.012590935
2.15223E-05,0.010965623
2.15904E-05,0.01153547
2.16735E-05,0.010908147
2.17357E-05,0.013028096
2.17906E-05,0.012385608
2.18681E-05,0.012090752
2.19295E-05,0.011580849
2.19927E-05,0.009910078
2.20453E-05,0.010890438
2.21217E-05,0.012779349
2.21832E-05,0.011646123
2.22571E-05,0.010580937
2.23183E-05,0.010195037
2.23929E-05,0.012658284
2.24709E-05,0.011100679
2.25549E-05,0.012959726
2.26343E-05,0.012023134
2.27134E-05,0.012558118
2.27802E-05,0.011535685
2.28571E-05,0.012070707
2.29149E-05,0.00947318
2.29798E-05,0.011565596
2.30339E-05,0.011378814
2.31152E-05,0.009627554
2.31713E-05,0.01202107
2.3242E-05,0.010184826
2.33118E-05,0.010648875
2.33837E-05,0.010464143
2.34412E-05,0.012161078
2.35178E-05,0.01241961
2.35809E-05,0.011502681
2.36441E-05,0.012925967
2.37195E-05,0.012378923
2.37997E-05,0.010798036
2.38701E-05,0.010164062
2.39184E-05,0.012408639
2.39822E-05,0.012664847
2.40411E-05,0.010609446
2.41016E-05,0.012653286
2.41562E-05,0.012082848
2.42053E-05,0.011582064
2.42751E-05,0.01334609
2.43318E-05,0.010511362
2.43892E-05,0.013106407
2.44539E-05,0.011019103
2.45036E-05,0.011497124
2.45957E-05,0.010777994
2.46693E-05,0.012721804
2.47311E-05,0.01145038
2.47906E-05,0.01101697
2.48734E-05,0.011285175
2.49626E-05,0.010629242
2.50272E-05,0.012518517
2.5101E-05,0.012710895
2.51574E-05,0.012037649
2.52209E-05,0.013709884
2.5304E-05,0.01422554
2.53723E-05,0.010646219
2.54064E-05,0.015149239
2.5489E-05,0.012275559
2.55608E-05,0.010963137
2.56271E-05,0.012977317
2.56879E-05,0.012769461
2.57406E-05,0.014072104
2.58065E-05,0.013308252
2.58758E-05,0.01502811
2.59438E-05,0.014504862
2.60011E-05,0.013247572
2.60439E-05,0.014883804
2.61285E-05,0.013231194
2.6173E-05,0.013497242
2.62415E-05,0.01353258
2.63018E-05,0.012422287
2.63718E-05,0.011474648
2.64382E-05,0.011667275
2.64825E-05,0.010948037
2.65392E-05,0.011794045
2.65934E-05,0.014373569
2.66656E-05,0.013089942
2.67436E-05,0.01138761
2.68102E-05,0.01357641
2.6867E-05,0.013855118
2.69266E-05,0.012466878
2.6989E-05,0.012328623
2.70392E-05,0.014027701
2.71015E-05,0.008935724
2.71792E-05,0.012247166
2.72597E-05,0.011100503
2.73292E-05,0.015279464
2.73838E-05,0.011745007
2.74524E-05,0.012199873
2.74978E-05,0.012902036
2.7578E-05,0.012512258
2.76345E-05,0.014250909
2.76958E-05,0.012308042
2.77522E-05,0.012591288
2.78227E-05,0.013830645
2.78875E-05,0.012220512
2.79482E-05,0.0134599
2.80076E-05,0.014269865
2.80683E-05,0.012125508
2.81203E-05,0.012409614
2.81863E-05,0.014797695
0.000028235,0.013335352
2.82944E-05,0.01441597
2.83422E-05,0.014791443
2.84164E-05,0.01350905
2.84859E-05,0.013718857
2.85408E-05,0.012949089
2.86224E-05,0.016712323
2.86868E-05,0.012303882
2.87581E-05,0.013493338
2.88244E-05,0.016472819
2.88996E-05,0.015709554
2.89848E-05,0.014408332
2.90708E-05,0.013099521
2.916E-05,0.01304902
2.92361E-05,0.015620505
2.93052E-05,0.016565689
2.93887E-05,0.012969366
2.94461E-05,0.017284468
2.95139E-05,0.015768936
2.95768E-05,0.015619311
2.96532E-05,0.014832412
2.97215E-05,0.013024169
2.97865E-05,0.01656104
2.98459E-05,0.013171116
2.98998E-05,0.015697283
2.99622E-05,0.017215858
3.00202E-05,0.015946436
3.0107E-05,0.009553724
3.01883E-05,0.013977043
3.02595E-05,0.014010012
3.0329E-05,0.015546543
3.04158E-05,0.015496824
3.0499E-05,0.016389696
3.05646E-05,0.013582952
3.06479E-05,0.014569887
3.07498E-05,0.017096646
3.0825E-05,0.016851683
3.09311E-05,0.017197454
3.10085E-05,0.014068699
3.10926E-05,0.014395723
3.11941E-05,0.0122192
3.13007E-05,0.009738263
3.14017E-05,0.014831004
3.14812E-05,0.01574676
3.15621E-05,0.013047986
3.16655E-05,0.014857508
3.17363E-05,0.016169646
3.18269E-05,0.012861345
3.18952E-05,0.015953857
3.19747E-05,0.015002578
3.20622E-05,0.01474536
3.21318E-05,0.014976776
3.22209E-05,0.016715885
3.23069E-05,0.014557749
3.24016E-05,0.014901461
3.25174E-05,0.017172253
3.25947E-05,0.012666505
3.26874E-05,0.014425103
3.27752E-05,0.014971734
3.28673E-05,0.01409692
3.29529E-05,0.018525642
3.30496E-05,0.015711614
3.31611E-05,0.017820259
3.32582E-05,0.013439737
3.33514E-05,0.017509376
3.34445E-05,0.015277483
3.35445E-05,0.017194818
3.36513E-05,0.013285965
3.37638E-05,0.018144166
3.38679E-05,0.015470922
3.39748E-05,0.013729323
3.40943E-05,0.018110556
3.41937E-05,0.014665821
3.42828E-05,0.016510661
3.43801E-05,0.013680159
3.448E-05,0.018101875
3.45935E-05,0.017839657
3.46778E-05,0.015196062
3.47961E-05,0.016865625
3.49181E-05,0.013677968
3.5038E-05,0.015788395
3.51597E-05,0.015189011
3.52867E-05,0.017431718
3.5418E-05,0.017386436
3.556E-05,0.018448193
3.56895E-05,0.014533211
3.5843E-05,0.017817545
3.59612E-05,0.014532039
3.61129E-05,0.018287239
3.6246E-05,0.016894411
3.63758E-05,0.016503862
3.64978E-05,0.01927425
3.66231E-05,0.017410464
3.67746E-05,0.017596349
3.68961E-05,0.017540265
3.70229E-05,0.019895518
3.71769E-05,0.015138905
3.73042E-05,0.014728146
3.74523E-05,0.015947447
3.75815E-05,0.02066176
3.77419E-05,0.016538773
3.79143E-05,0.019317303
3.8065E-05,0.020809677
3.82384E-05,0.016993199
3.83847E-05,0.019675851
3.8547E-05,0.019997815
3.87211E-05,0.019248237
3.88741E-05,0.016914499
3.90266E-05,0.018190506
3.91941E-05,0.021062319
3.93638E-05,0.020055849
3.95306E-05,0.018425418
3.96833E-05,0.021202324
3.98615E-05,0.018949992
4.0019E-05,0.018776979
4.01603E-05,0.01896767
4.03383E-05,0.019426996
4.04705E-05,0.020117837
4.06338E-05,0.019317108
4.08143E-05,0.01952933
4.0994E-05,0.018344734
4.11622E-05,0.019695804
4.1312E-05,0.02335294
4.14692E-05,0.018172091
4.16101E-05,0.018233827
4.1757E-05,0.018427548
4.19277E-05,0.022531303
4.20764E-05,0.020264058
4.22223E-05,0.018240073
4.23668E-05,0.021717087
4.24744E-05,0.019139297
4.25666E-05,0.020763797
4.26639E-05,0.024911012
4.27337E-05,0.018593849
4.28071E-05,0.015573975
4.28604E-05,0.021970106
4.29378E-05,0.020944877
4.29682E-05,0.018163078
4.30299E-05,0.021656665
4.30714E-05,0.022345033
4.31064E-05,0.019958039
4.31465E-05,0.024256335
4.31641E-05,0.019315838
4.31992E-05,0.021340512
4.32297E-05,0.022561043
4.32541E-05,0.020026461
4.32866E-05,0.021383663
4.33113E-05,0.021530024
4.33999E-05,0.022112231
4.34015E-05,0.018615049
4.34567E-05,0.021736859
4.34948E-05,0.020003167
4.3558E-05,0.02192245
4.36208E-05,0.021413117
4.36401E-05,0.02128746
4.37017E-05,0.025110352
4.37682E-05,0.022842099
4.38167E-05,0.02028694
4.38585E-05,0.021937835
4.39063E-05,0.024139018
4.39897E-05,0.021185521
4.40593E-05,0.021628377
4.4124E-05,0.023164947
4.41566E-05,0.02126591
4.42083E-05,0.016905789
4.43051E-05,0.021199655
4.42845E-05,0.023249242
4.43609E-05,0.019989332
4.44614E-05,0.020999061
4.45631E-05,0.017732063
4.46272E-05,0.016236163
4.4701E-05,0.028455557
4.4799E-05,0.018520197
4.48819E-05,0.020641092
4.50043E-05,0.023487174
4.50986E-05,0.020601093
4.52174E-05,0.023738975
4.54117E-05,0.021870364
4.54945E-05,0.018948614
4.56108E-05,0.023238697
4.57083E-05,0.01875455
4.58248E-05,0.021784925
4.59378E-05,0.024259473
4.60333E-05,0.026164929
4.61856E-05,0.02238609
4.62827E-05,0.023007088
4.64456E-05,0.018049046
4.6571E-05,0.027625012
4.67297E-05,0.019463073
4.69287E-05,0.018964045
4.70538E-05,0.020765038
4.72214E-05,0.01776553
4.73607E-05,0.025304232
4.7514E-05,0.02494469
4.76811E-05,0.021485477
4.78189E-05,0.026883073
4.80026E-05,0.019844577
4.81356E-05,0.021839316
4.82794E-05,0.024747831
4.84451E-05,0.022129798
4.85575E-05,0.020676102
4.8739E-05,0.021357756
4.8897E-05,0.027186315
4.91116E-05,0.023652238
4.93005E-05,0.022979217
4.94669E-05,0.028116605
4.96699E-05,0.024844687
4.98253E-05,0.02631243
5.00356E-05,0.023941675
5.01802E-05,0.022922367
5.03471E-05,0.022842688
5.05977E-05,0.028759289
5.07905E-05,0.024145564
5.09959E-05,0.025823836
5.12032E-05,0.027675041
5.13668E-05,0.023464439
5.15612E-05,0.023712909
5.17734E-05,0.022045487
5.19936E-05,0.026490734
5.22288E-05,0.023210522
5.2486E-05,0.024138217
5.27243E-05,0.027189599
5.29644E-05,0.020910987
5.32515E-05,0.024490278
5.35021E-05,0.024605545
5.375E-05,0.023053592
5.39963E-05,0.022656888
5.42491E-05,0.025621775
5.44603E-05,0.027409487
5.47116E-05,0.026518663
5.49055E-05,0.026101847
5.51549E-05,0.024340074
5.54082E-05,0.026856279
5.56148E-05,0.025060465
5.58109E-05,0.028781302
5.6049E-05,0.027340461
5.62494E-05,0.027438252
5.64631E-05,0.024217222
5.67133E-05,0.028719057
5.6993E-05,0.023914303
5.72048E-05,0.02896793
5.74476E-05,0.029090917
5.76653E-05,0.031703494
5.78699E-05,0.030560738
5.80775E-05,0.021669202
5.82713E-05,0.027521448
5.85123E-05,0.031625534
5.87747E-05,0.02794122
5.90651E-05,0.030642432
5.93729E-05,0.030250477
5.96081E-05,0.031847881
5.98911E-05,0.030328278
6.0163E-05,0.024871795
6.04441E-05,0.021802674
6.074E-05,0.029440593
6.10482E-05,0.028075963
6.13505E-05,0.034300354
6.16148E-05,0.03081949
6.18849E-05,0.030762936
6.21296E-05,0.030884594
6.23496E-05,0.032153285
6.26029E-05,0.022969909
6.2873E-05,0.025212454
6.3076E-05,0.03526506
6.33467E-05,0.037379827
6.35697E-05,0.031009062
6.38313E-05,0.028366678
6.41291E-05,0.033667579
6.44289E-05,0.029630764
6.47014E-05,0.034769525
6.49789E-05,0.026460226
6.52444E-05,0.034455161
6.55869E-05,0.026300747
6.58913E-05,0.034387833
6.62347E-05,0.029845846
6.65232E-05,0.034717638
6.68183E-05,0.033008374
6.70696E-05,0.034379653
6.73645E-05,0.03098081
6.76094E-05,0.031302833
6.78518E-05,0.032046313
6.81517E-05,0.031342876
6.84341E-05,0.030412164
6.86286E-05,0.033689303
6.88752E-05,0.035305216
6.90749E-05,0.03219612
6.93229E-05,0.034460359
6.96296E-05,0.032022546
6.99441E-05,0.033685209
7.01728E-05,0.032925207
7.0417E-05,0.031730433
7.07268E-05,0.034719289
7.09929E-05,0.028688442
7.12692E-05,0.035869288
7.15857E-05,0.034697527
7.18006E-05,0.035469673
7.20973E-05,0.040085483
7.23737E-05,0.037098531
7.26211E-05,0.034073934
7.2886E-05,0.030809616
7.31337E-05,0.033634062
7.34343E-05,0.032406847
7.36927E-05,0.035033208
7.40113E-05,0.028532009
7.42694E-05,0.04198317
7.45598E-05,0.039374598
7.48691E-05,0.043018724
7.51825E-05,0.032945502
7.54584E-05,0.03236441
7.575E-05,0.033194186
7.59919E-05,0.03047321
7.63071E-05,0.032018476
7.66051E-05,0.034518808
7.69097E-05,0.041330087
7.71531E-05,0.035721519
7.74689E-05,0.034427276
7.78028E-05,0.038192844
7.81464E-05,0.043932756
7.8448E-05,0.040212167
7.878E-05,0.035498856
7.91059E-05,0.04324625
7.94974E-05,0.036314535
7.97786E-05,0.038915684
8.00098E-05,0.041012724
8.03409E-05,0.036202192
8.06865E-05,0.036107045
8.0995E-05,0.030219914
8.12793E-05,0.04519059
8.15646E-05,0.035742185
8.18791E-05,0.041462764
8.21727E-05,0.040848012
8.24493E-05,0.036895883
8.26842E-05,0.038026316
8.30227E-05,0.037410646
8.33835E-05,0.038347919
8.36527E-05,0.035360819
8.39243E-05,0.035995467
8.41903E-05,0.039241481
8.45371E-05,0.047001909
8.48677E-05,0.033769622
8.5107E-05,0.045999839
8.54201E-05,0.040079253
8.57317E-05,0.037568248
8.60924E-05,0.035857786
8.64134E-05,0.044027597
8.67569E-05,0.041243833
8.71376E-05,0.043855758
8.74368E-05,0.040482844
8.77994E-05,0.030854252
8.80777E-05,0.03668466
8.83778E-05,0.046398067
8.87787E-05,0.038352454
8.9116E-05,0.047337579
8.95309E-05,0.047003441
8.98736E-05,0.047740041
9.02222E-05,0.045128788
9.05013E-05,0.04611037
9.085E-05,0.049666596
9.12252E-05,0.045065456
9.15623E-05,0.043811879
9.19098E-05,0.041984515
9.22497E-05,0.052147117
9.2648E-05,0.04605526
9.30149E-05,0.041623987
9.32983E-05,0.037413179
9.3692E-05,0.041926993
9.40118E-05,0.04644203
9.44522E-05,0.038754637
9.47899E-05,0.045944549
9.51424E-05,0.046410082
9.55244E-05,0.047485104
9.5948E-05,0.050074055
9.63261E-05,0.051465856
9.66752E-05,0.043861968
9.7092E-05,0.050973024
9.75329E-05,0.050901193
9.78412E-05,0.042571688
9.833E-05,0.056803548
9.8779E-05,0.042060769
9.91976E-05,0.046543663
9.96244E-05,0.045200045
0.000100031,0.046624909
0.000100386,0.054568864
0.000100864,0.036695995
0.00010127,0.054735694
0.000101679,0.048968807
0.000102096,0.050435692
0.000102529,0.050967084
0.000102873,0.046992624
0.000103237,0.052919005
0.000103759,0.055437133
0.000104255,0.051178122
0.000104711,0.035174529
0.000105141,0.044444289
0.000105637,0.042361057
0.000106042,0.054685344
0.0001065,0.054591443
0.000106971,0.047869381
0.000107452,0.042090698
0.000107958,0.060023648
0.000108446,0.051554752
0.0001089,0.045694514
0.000109479,0.047635414
0.000109945,0.051586329
0.000110463,0.053541269
0.000111007,0.052084621
0.000111662,0.056891558
0.00011227,0.055809403
0.000112836,0.059587877
0.000113415,0.052863171
0.000113934,0.049573791
0.000114548,0.054810568
0.000115051,0.055765218
0.000115462,0.046301115
0.000116129,0.05520726
0.000116766,0.047910347
0.000117248,0.057920811
0.000117791,0.057822941
0.000118281,0.056230126
0.000118825,0.063854483
0.00011937,0.050458706
0.000119895,0.060342521
0.000120465,0.069217564
0.000120966,0.050008312
0.000121508,0.066050411
0.000122103,0.059939622
0.000122726,0.060626931
0.000123379,0.071655869
0.000124143,0.058247871
0.000124798,0.055846736
0.000125556,0.05968889
0.000126377,0.06047025
0.00012713,0.064772824
0.000127699,0.047645446
0.000128519,0.063089299
0.000129375,0.053484291
0.000130059,0.06747316
0.000130763,0.047167336
0.000131551,0.054791424
0.000132235,0.063684575
0.000133073,0.064912293
0.000133881,0.064061217
0.000134634,0.061084213
0.000135533,0.058550325
0.000136459,0.069525997
0.000137361,0.070410676
0.000138223,0.065710598
0.000139075,0.072150539
0.000139918,0.077359926
0.000140704,0.049010072
0.000141477,0.07427507
0.000142112,0.070203813
0.000142829,0.066573348
0.00014354,0.052222417
0.00014424,0.077065594
0.000144977,0.077908593
0.000145527,0.077753201
0.000146073,0.064010279
0.000146688,0.068826225
0.000147295,0.05952235
0.000147759,0.063831871
0.000148302,0.05901072
0.000148862,0.059694552
0.000149377,0.063143151
0.000149879,0.067536726
0.000150385,0.083147178
0.000151019,0.074134384
0.000151476,0.084219318
0.000152158,0.072806405
0.000152841,0.06792279
0.000153382,0.085278959
0.000153877,0.069337952
0.000154342,0.085334976
0.00015487,0.065944531
0.000155222,0.074272593
0.000155664,0.07738038
0.000155863,0.07699681
0.000155979,0.080920319
0.000156335,0.078198031
0.000156357,0.08790177
0.000156489,0.078759842
0.000156704,0.078868281
0.000157041,0.06735561
0.000157345,0.083580389
0.000157665,0.079840204
0.000158113,0.066344456
0.000158445,0.059609976
0.00015898,0.076564997
0.000159319,0.072283684
0.000159642,0.062534025
0.000160146,0.07762281
0.000160623,0.076359583
0.000160969,0.062054807
0.000161518,0.079790447
0.00016189,0.070941467
0.000162108,0.077567263
0.000162355,0.056046661
0.000162728,0.081900135
0.000163068,0.080048819
0.000163524,0.071657278
0.000164004,0.084067863
0.000164326,0.064368866
0.000164609,0.072132777
0.000165172,0.071354342
0.00016547,0.08584433
0.000165804,0.078822679
0.000166343,0.060518563
0.000166809,0.093777462
0.000167164,0.079986866
0.000167642,0.079177242
0.000168049,0.071556362
0.000168556,0.079086831
0.000169077,0.077234478
0.000169572,0.083769019
0.000170011,0.072918166
0.000170437,0.084196113
0.000171097,0.082930497
0.000171565,0.084220127
0.000171964,0.083350673
0.000172456,0.085193519
0.000173019,0.083861977
0.000173598,0.080914617
0.00017403,0.066551156
0.000174647,0.080319703
0.000175238,0.087110905
0.000175823,0.086310467
0.00017635,0.088209409
0.000177019,0.085800768
0.00017788,0.082910743
0.000178631,0.089903694
0.000179461,0.081978031
0.000180252,0.08345579
0.00018139,0.083420889
0.000182378,0.073134651
0.000183207,0.09504592
0.000184106,0.097225189
0.000185012,0.071896629
0.00018594,0.087819032
0.000186735,0.080669661
0.000187554,0.083929988
0.000188677,0.079168942
0.000189571,0.084245729
0.000190456,0.088772546
0.000191027,0.089038655
0.000191889,0.093008537
0.000192751,0.095816307
0.000193779,0.075906163
0.000194656,0.085299648
0.000195647,0.122118136
0.000196702,0.08558695
0.000197922,0.086117702
0.000199017,0.090911134
0.00020033,0.101444981
0.00020148,0.114519479
0.000202928,0.107164935
0.000204429,0.095285325
0.000205792,0.106125444
0.000207023,0.09392743
0.000208338,0.113896128
0.000209705,0.106192485
0.000211023,0.100319318
0.000212356,0.09568921
0.000213672,0.092306456
0.000215016,0.101551824
0.000216298,0.087406832
0.000217626,0.100760012
0.00021887,0.102694067
0.000220274,0.086284628
0.000221402,0.088097879
0.000223085,0.10328711
0.00022461,0.109563732
0.000226057,0.105366182
0.000227646,0.108221824
0.000229352,0.112587247
0.000231111,0.096974362
0.000232895,0.09772285
0.00023442,0.09981742
0.000236115,0.109320082
0.000237679,0.09531093
0.000239744,0.116203492
0.000241481,0.121535995
0.000243645,0.109788182
0.000245557,0.133482549
0.000247292,0.120627983
0.000248999,0.123777461
0.000250576,0.097375268
0.000252559,0.115369147
0.000254254,0.105897472
0.000256331,0.126628009
0.000258284,0.154008972
0.000260201,0.11724861
0.000262003,0.112374233
0.000263426,0.123599996
0.00026536,0.126972549
0.000267266,0.103033407
0.000269368,0.126387687
0.000271296,0.155883065
0.000273087,0.127287237
0.000275338,0.163324888
0.000277228,0.136089451
0.000279436,0.116385912
0.000281853,0.133991589
0.000284178,0.122764952
0.000286973,0.135537117
0.000289477,0.143002517
0.00029189,0.144194372
0.000294424,0.136317134
0.000297213,0.131161472
0.000299797,0.169470117
0.000302466,0.15222911
0.00030536,0.142329812
0.000308054,0.140719714
0.000310474,0.141824817
0.000313416,0.156769719
0.000316003,0.156106418
0.000318424,0.153353621
0.000320616,0.161363978
0.000322577,0.16035278
0.000325018,0.164585754
0.000327591,0.14456728
0.000330107,0.135446061
0.000332472,0.143628354
0.000334951,0.166504036
0.000337516,0.157317657
0.000339752,0.148881948
0.000342618,0.172437178
0.00034563,0.17395346
0.000349249,0.14763107
0.000352517,0.18069893
0.000354987,0.155557858
0.000357229,0.125536469
0.00036027,0.173506561
0.000363157,0.153509903
0.000366381,0.165093794
0.00036909,0.157160879
0.000372478,0.174767281
0.00037529,0.191210361
0.000377942,0.201929651
0.00038007,0.173616397
0.000382723,0.193807277
0.000386036,0.187111413
0.000390256,0.174638806
0.000393147,0.195432988
0.000396715,0.167695437
0.000399688,0.211073004
0.000402687,0.207662923
0.000405121,0.188828616
0.000408082,0.175028063
0.000411408,0.209612331
0.000415215,0.202540383
0.000419624,0.144858941
0.000422754,0.198357053
0.000425753,0.186567814
0.000429603,0.210888848
0.00043348,0.179203318
0.000437236,0.222771386
0.000441471,0.183874074
0.000445856,0.214725018
0.000449718,0.252824635
0.00045347,0.23244719
0.000456474,0.204271175
0.000459395,0.204155457
0.000462872,0.218613591
0.000467073,0.190198186
0.000470277,0.226486399
0.000473414,0.205987379
0.000476826,0.234070734
0.000480282,0.229811445
0.000483446,0.255305053
0.000487167,0.199889137
0.000490904,0.247068551
0.000495399,0.269294685
0.000499771,0.237589159
0.000505016,0.218167345
0.000508174,0.214810306
0.000512682,0.199231286
0.000517009,0.215336065
0.000521131,0.202514655
0.000526015,0.202783274
0.000531018,0.247509823
0.000535557,0.247960475
0.000540495,0.280403595
0.00054581,0.269631263
0.000550738,0.222554864
0.000555755,0.291769467
0.000561137,0.291112479
0.00056567,0.260150731
0.000571206,0.269779928
0.000576634,0.245534831
0.000581591,0.29090954
0.00058709,0.310038691
0.000592306,0.298103494
0.000598,0.304680537
0.000603317,0.256896297
0.00060831,0.251479303
0.000612421,0.291142422
0.000617264,0.259004352
0.000623063,0.325168688
0.000628178,0.298633164
0.000634121,0.325048105
0.000640279,0.32820469
0.000645517,0.288867461
0.000650811,0.32351765
0.000656146,0.299728197
0.000661697,0.322773193
0.000667751,0.313309774
0.000673808,0.347478496
0.000681655,0.288142451
0.00068859,0.355101189
0.000694098,0.37299741
0.000699352,0.37799583
0.000703785,0.334576115
0.000709867,0.392481775
0.000715403,0.335668375
0.000720968,0.351685478
0.000727706,0.35948851
0.000733208,0.262203411
0.000738749,0.332885618
0.00074396,0.383655269
0.000749111,0.328265802
0.000756803,0.385590641
0.00076369,0.393830145
0.000770329,0.35665874
0.000776055,0.397802926
0.000784041,0.275525627
0.00079233,0.369308756
0.000797224,0.388882449
0.000802565,0.386516951
0.000809926,0.354915369
0.000815743,0.337233563
0.000822298,0.380720143
0.000829364,0.327443148
0.000836409,0.441702486
0.000842629,0.437147795
0.000851689,0.399614138
0.000858868,0.418952205
0.000864743,0.451298489
0.000875153,0.416043786
0.000884545,0.439706727
0.000893962,0.388971828
0.000903039,0.440498844
0.000912618,0.391425328
0.000921298,0.380870751
0.000927676,0.438140172
0.0009399,0.408960263
0.000947333,0.403380922
0.000955112,0.459983735
0.000960207,0.462437598
0.000964881,0.491606572
0.000974014,0.429836281
0.000981847,0.497197914
0.000988957,0.467083281
0.000995885,0.439488166
0.000999119,0.478071152
0.001008606,0.48574649
0.001017315,0.512007483
0.001026669,0.408521211
0.001035016,0.472796821
0.00104556,0.52946146
0.001058907,0.559202228
0.00106542,0.519707348
0.001076302,0.508335938
0.001085492,0.458848038
0.00109597,0.442884784
0.001108067,0.51302957
0.001118892,0.518041726
0.001125318,0.594273311
0.001133145,0.46494036
0.001145752,0.523381269
0.001158807,0.529344811
0.001162408,0.523789892
0.001173175,0.644994025
0.001182926,0.544025694
0.001194252,0.519631328
0.001205302,0.643978122
0.001219739,0.610109079
0.001233616,0.639988305
0.001241876,0.678918879
0.001255817,0.647616501
0.001263994,0.628330428
0.001274985,0.606122036
0.001289943,0.569256993
0.001304462,0.494801816
0.001312418,0.550691254
0.001326137,0.552340469
0.00133865,0.462116557
0.001348977,0.758375253
0.00135919,0.629298568
0.001373189,0.614499479
0.00138446,0.692501607
0.001395629,0.598590542
0.001406764,0.633898167
0.001419145,0.551488124
0.001434718,0.544210057
0.001451069,0.590893462
0.001465868,0.678690118
0.001472286,0.645166229
0.001482242,0.539265792
0.001496149,0.683442872
0.001507445,0.637211983
0.001519265,0.675163008
0.001533288,0.662381621
0.001546543,0.754397288
0.00156124,0.73737136
0.001570147,0.634501112
0.001582563,0.698391353
0.001601629,0.895452445
0.001617931,0.668863343
0.001639802,0.703317219
0.001650176,0.733339994
0.001665747,0.678313206
0.001677638,0.667547494
0.001693584,0.815633373
0.001710089,0.791763106
0.001731646,0.860799859
0.001749383,1.021445536
0.001761618,0.930299379
0.001764543,0.877153232
0.001789097,0.905981086
0.001794287,0.925301999
0.00180287,0.750901408
0.001834714,0.621999293
0.001855313,0.93376629
0.001872573,0.791555229
0.001885104,0.919545967
0.001894298,1.006233485
0.001910273,0.8134073
0.001935571,0.860169743
0.001954913,0.923302682
0.001968194,1.02108018
0.001999542,1.043535827
0.002037513,0.854941329
0.002035726,0.797424892
0.002062894,0.884783016
0.002085794,1.010982068
0.002119248,0.961512218
0.002145783,1.173073747
0.002171701,0.884344077
0.002193698,0.920476618
0.00222613,1.079002977
0.002255926,1.142378805
0.00228812,1.080676041
0.002306917,1.046658427
0.002343201,1.179317009
0.002364085,0.970006776
0.002385001,1.200354816
0.002417448,1.021878881
0.002445471,1.465781911
0.002457116,0.954849492
0.002489083,1.098442339
0.002503289,1.267641149
0.00252925,1.210227189
0.002538562,1.285502897
0.002576873,1.241027136
0.002618017,1.24459384
0.002642618,1.198967634
0.00267684,1.023655478
0.002689782,1.036934834
0.002718033,1.300558356
0.002752931,1.052753507
0.002757131,1.3791065
0.00278685,1.178028873
0.002800932,1.322876364
0.002837995,1.226015825
0.002846327,1.044359225
0.002854207,1.392270615
0.002898527,1.404913113
0.002944589,1.427239075
0.002994893,1.284521031
0.003013134,1.320376816
0.003035516,1.386628013
0.003092356,1.287977067
0.003127217,1.418832067
0.00319524,1.499212163
0.003221016,1.531256728
0.003277156,1.547796553
0.003327252,1.767405754
0.00337914,1.564525765
0.003410349,1.314719895
0.003443458,1.80780482
0.003488136,1.777204111
0.00354469,1.762062705
0.003580364,1.702089333
0.003633109,1.78346748
0.003680703,1.726991991
0.003719099,1.595135544
0.003761609,1.75330363
0.003773968,1.419834785
0.003811941,1.74130002
0.00383844,1.693919327
0.003844096,2.32790846
0.003884895,2.424852125
0.003939794,1.946267446
0.003975326,1.877541162
0.004011401,1.583750226
0.004004851,1.84182443
0.004051176,1.649689808
0.00405845,1.941938266
0.004133786,1.901121284
0.004140447,1.852841792
0.004158863,1.603278465
0.004264282,1.723209615
0.004326271,1.842155837
0.004386587,1.962988953
0.00447055,1.945181971
0.004490825,1.759124993
0.004538205,2.354377714
0.004566554,2.255888351
0.004651231,2.312123756
0.004686435,1.893802842
0.004721139,2.595611546
0.004736426,2.354473832
0.004736033,2.559798425
0.004792081,2.292975153
0.004793666,2.219444779
0.004759548,2.115148091
0.004795423,2.235169418
0.005087735,2.26099465
0.005207648,2.378860848
0.004803862,2.224165572
0.004801454,2.223050633
0.004799047,2.221936157
